threshold_c,year,total_area_km2,largest_component_area_km2,secondary_area_km2,largest_component_area_fraction,fragmentation_index,component_count,centroid_distance_km,n_days,date
28,1982,34124424.45,31288036.72,2836387.732,0.9137531263,0.08624687373,54.84383562,469.2445636,365,1982-07-01
28,1983,35215929.14,32102887.49,3113041.653,0.9069831896,0.09301681037,52.86849315,598.7931258,365,1983-07-01
28,1984,30492432.6,27009750.36,3482682.247,0.8872911044,0.1127088956,59.54918033,635.4788778,366,1984-07-01
28,1985,27547861.68,24481396.93,3066464.75,0.8852675438,0.1147324562,60.12876712,587.5900682,365,1985-07-01
28,1986,29943390.95,26697280.42,3246110.523,0.8908115424,0.1091884576,63.43287671,577.2102653,365,1986-07-01
28,1987,35957067.23,32603416.53,3353650.701,0.9024676614,0.09753233856,54.0739726,564.9890794,365,1987-07-01
28,1988,31771574.09,29012496.69,2759077.393,0.9156267239,0.08437327611,50.7295082,532.9081289,366,1988-07-01
28,1989,27843810.28,24874269.28,2969541.001,0.892069352,0.107930648,56.88767123,622.2337271,365,1989-07-01
28,1990,32665388.75,29060820.79,3604567.959,0.8911863122,0.1088136878,56.70136986,679.9999483,365,1990-07-01
28,1991,34779086.86,31777961.43,3001125.427,0.912009993,0.08799000702,51.00547945,452.7083909,365,1991-07-01
28,1992,34918751.42,32301826.82,2616924.598,0.9194125693,0.08058743065,46.85245902,430.5257242,366,1992-07-01
28,1993,33265252.67,30268524.32,2996728.355,0.9051749213,0.09482507873,50.93424658,543.1262916,365,1993-07-01
28,1994,34578978.57,31355507.49,3223471.076,0.90661344,0.09338655996,51.50684932,542.9515253,365,1994-07-01
28,1995,35159533.11,31965193.52,3194339.583,0.9075285871,0.09247141292,49.16986301,536.4454668,365,1995-07-01
28,1996,32145283.5,29327151.02,2818132.481,0.9132885794,0.08671142056,52.89617486,490.0984208,366,1996-07-01
28,1997,37868026.58,35222951.09,2645075.487,0.9262001717,0.07379982832,50.83835616,399.0459105,365,1997-07-01
28,1998,38160449.2,35716773.29,2443675.912,0.9336823474,0.06631765258,44.67671233,440.8830366,365,1998-07-01
28,1999,30040842.78,27430630.9,2610211.873,0.9141383194,0.08586168058,46.26575342,527.6711387,365,1999-07-01
28,2000,31076579.69,28142482.65,2934097.038,0.9073345743,0.09266542565,50.59289617,565.778019,366,2000-07-01
28,2001,35114766.5,31723539.37,3391227.129,0.9055016391,0.09449836088,48.64383562,634.9922796,365,2001-07-01
28,2002,37665484.69,34355574.97,3309909.717,0.9133347357,0.08666526435,50.16986301,570.7288623,365,2002-07-01
28,2003,37804083,34426561.02,3377521.979,0.9109783186,0.08902168145,45.30136986,624.1350325,365,2003-07-01
28,2004,38303221.29,35402809.68,2900411.605,0.9246391825,0.07536081749,49.17213115,501.2307229,366,2004-07-01
28,2005,38618107.66,35761755.23,2856352.434,0.9277884839,0.0722115161,44.44109589,502.8043713,365,2005-07-01
28,2006,36831614.17,33400715.7,3430898.477,0.9089579543,0.0910420457,49.80547945,613.521318,365,2006-07-01
28,2007,38012201.13,34706920.58,3305280.552,0.915751859,0.08424814101,33.39178082,621.0697558,365,2007-07-01
28,2008,34612917.04,31058408.52,3554508.519,0.8994072691,0.1005927309,32.39344262,741.5517882,366,2008-07-01
28,2009,42123564.46,40258657.2,1864907.258,0.9540515813,0.04594841869,29.80273973,328.4980097,365,2009-07-01
28,2010,38543751.66,35383815.27,3159936.392,0.9211317748,0.07886822516,32.1890411,589.4040566,365,2010-07-01
28,2011,33163058.66,30436879.9,2726178.76,0.9212968578,0.07870314221,32.67945205,551.7527464,365,2011-07-01
28,2012,38406794.76,35030902.15,3375892.611,0.9138886263,0.08611137368,31.12295082,659.177999,366,2012-07-01
28,2013,39083261.04,35673897.84,3409363.2,0.915229052,0.08477094801,31.75616438,641.7368407,365,2013-07-01
28,2014,42851630.78,40781569.05,2070061.729,0.9498122599,0.05018774013,27.3890411,371.7010384,365,2014-07-01
28,2015,47261116.35,46456757.18,804359.1662,0.9801727871,0.01982721293,27.94794521,120.3279986,365,2015-07-01
28,2016,47582177.93,46520398.44,1061779.488,0.9760595787,0.02394042129,23.71857923,167.9384948,366,2016-07-01
28,2017,44545779.78,42117645.34,2428134.436,0.9439076741,0.05609232593,29.28493151,414.9017061,365,2017-07-01
28,2018,42228572.81,40262692.04,1965880.774,0.9525681798,0.04743182021,28.79452055,334.6718274,365,2018-07-01
28,2019,45483412.1,43948954.28,1534457.818,0.9627101056,0.03728989444,27.77260274,261.7003524,365,2019-07-01
28,2020,43961552.49,41682656.92,2278895.564,0.9466761568,0.05332384315,23.9863388,395.6647151,366,2020-07-01
28,2021,39998999.71,37108135.05,2890864.669,0.9292468261,0.07075317395,24.06849315,523.9607133,365,2021-07-01
28,2022,37990811.6,35077823.31,2912988.292,0.9244167558,0.07558324419,15.02465753,569.274038,365,2022-07-01
28,2023,47042898.49,45651333.78,1391564.716,0.9676641292,0.0323358708,14.33424658,256.4866953,365,2023-07-01
28,2024,48130087.83,47378838.59,751249.2494,0.983634064,0.01636593601,13.27595628,117.4315612,366,2024-07-01
28,2025,43505541.21,40792836.67,2712704.54,0.937803112,0.06219688799,16.35890411,487.825869,365,2025-07-01
28.5,1982,24062439.51,19270950.2,4791489.303,0.7874592857,0.2125407143,69.32054795,692.547763,365,1982-07-01
28.5,1983,24674127.75,18498003.09,6176124.656,0.7462219217,0.2537780783,70.14520548,1474.683543,365,1983-07-01
28.5,1984,21005195.67,17247956.17,3757239.502,0.8181091098,0.1818908902,70.38797814,654.0463644,366,1984-07-01
28.5,1985,17951893.96,14226986.05,3724907.912,0.7745373358,0.2254626642,71.97260274,702.0399048,365,1985-07-01
28.5,1986,19853485.7,16173565.6,3679920.1,0.8062963981,0.1937036019,74.00821918,626.4695414,365,1986-07-01
28.5,1987,25425308.75,20784618.67,4640690.077,0.8104011553,0.1895988447,67.60821918,838.9135107,365,1987-07-01
28.5,1988,22926072.32,20330102.95,2595969.368,0.8853535498,0.1146464502,56.37978142,490.3856062,366,1988-07-01
28.5,1989,18347946.52,15208389.28,3139557.238,0.8157023702,0.1842976298,66.96712329,585.12964,365,1989-07-01
28.5,1990,22554404.67,18608861.83,3945542.839,0.8193948541,0.1806051459,67.54520548,627.9566407,365,1990-07-01
28.5,1991,24782916.3,20860755.61,3922160.69,0.8376821362,0.1623178638,63.37534247,624.5141175,365,1991-07-01
28.5,1992,24727365.01,20535787.82,4191577.185,0.8233841625,0.1766158375,61.49453552,752.5123089,366,1992-07-01
28.5,1993,22823096.61,18725455.4,4097641.207,0.8098454288,0.1901545712,63.18356164,757.0656157,365,1993-07-01
28.5,1994,25028978.64,21394763.49,3634215.148,0.8501964784,0.1498035216,60.23013699,592.012183,365,1994-07-01
28.5,1995,25916939.97,22842894.4,3074045.572,0.8748876194,0.1251123806,61.41917808,513.4426903,365,1995-07-01
28.5,1996,23226559.36,20869102.32,2357457.039,0.8943986771,0.1056013229,61.05464481,429.4980866,366,1996-07-01
28.5,1997,26787750.94,21655152.99,5132597.959,0.8027876711,0.1972123289,70.04109589,762.3885088,365,1997-07-01
28.5,1998,27924052.83,23938484.37,3985568.459,0.8606999405,0.1393000595,60.82465753,931.5957314,365,1998-07-01
28.5,1999,21348307.36,18988779.77,2359527.59,0.8868607976,0.1131392024,53.6109589,500.363271,365,1999-07-01
28.5,2000,21976262.64,19405431.96,2570830.683,0.8798609957,0.1201390043,58.83606557,507.0014814,366,2000-07-01
28.5,2001,26168042.22,23451194.66,2716847.559,0.8967686571,0.1032313429,55.89589041,496.9737773,365,2001-07-01
28.5,2002,28139787.26,24933996.34,3205790.913,0.8854965218,0.1145034782,57.77260274,527.7671942,365,2002-07-01
28.5,2003,28625450.8,26127904.95,2497545.849,0.9135688992,0.08643110077,50.14520548,477.3354101,365,2003-07-01
28.5,2004,28059267.29,25088863.94,2970403.35,0.8942561425,0.1057438575,62.18306011,464.4612802,366,2004-07-01
28.5,2005,29411500.6,26848752.72,2562747.882,0.9144462745,0.08555372551,52.20547945,479.758887,365,2005-07-01
28.5,2006,27193485.25,24507246.95,2686238.302,0.9020952423,0.0979047577,59.10136986,468.445878,365,2006-07-01
28.5,2007,28797133.73,26300463.57,2496670.161,0.9154061636,0.08459383636,39.06027397,512.9396579,365,2007-07-01
28.5,2008,24717667.16,22227518.62,2490148.532,0.9005914958,0.09940850421,42.6284153,554.4420882,366,2008-07-01
28.5,2009,31900830.06,29220010.72,2680819.343,0.9191392678,0.08086073223,41.19452055,521.0973999,365,2009-07-01
28.5,2010,29589812.71,27080554.4,2509258.313,0.9204016453,0.07959835474,38.49863014,524.0377689,365,2010-07-01
28.5,2011,23858068.18,21881654.68,1976413.493,0.9194313608,0.0805686392,40.96438356,425.5640016,365,2011-07-01
28.5,2012,28727751.57,25770968.08,2956783.49,0.8984972763,0.1015027237,39.69398907,657.2417158,366,2012-07-01
28.5,2013,30061466.4,27697694.67,2363771.723,0.9241221151,0.07587788487,37.59726027,487.5991961,365,2013-07-01
28.5,2014,33887074.41,30426104.61,3460969.795,0.9014408344,0.09855916559,35.39452055,717.2564567,365,2014-07-01
28.5,2015,38236545.03,36709421.67,1527123.352,0.9556978119,0.04430218807,33.83287671,247.040494,365,2015-07-01
28.5,2016,38652187.85,35713665.79,2938522.053,0.9227906401,0.07720935987,33.60928962,578.4698539,366,2016-07-01
28.5,2017,35190474.15,31912173.71,3278300.443,0.9096152097,0.09038479029,36.65205479,649.6054005,365,2017-07-01
28.5,2018,32804952.65,30113881.38,2691071.267,0.9197108695,0.08028913054,38.2739726,539.1472055,365,2018-07-01
28.5,2019,36402849.5,33856273.07,2546576.431,0.92633012,0.07366987998,34.46849315,433.3781728,365,2019-07-01
28.5,2020,35129743.89,31862143.06,3267600.829,0.9110643418,0.08893565817,30.48087432,649.0502155,366,2020-07-01
28.5,2021,31212021.4,28967031.02,2244990.387,0.9309269129,0.06907308707,27.83835616,460.018017,365,2021-07-01
28.5,2022,29572210.4,27677034.17,1895176.225,0.9371724839,0.06282751612,18.28767123,419.9149244,365,2022-07-01
28.5,2023,37763646.45,35686139.77,2077506.68,0.9424636324,0.05753636762,18.17534247,410.0041005,365,2023-07-01
28.5,2024,39069074.22,36732793.37,2336280.853,0.9394974461,0.06050255388,18.58469945,446.8228901,366,2024-07-01
28.5,2025,34526649.83,31867107.34,2659542.487,0.9250368169,0.07496318312,21,539.764786,365,2025-07-01
29,1982,14723457.82,8991006.248,5732451.57,0.5769397176,0.4230602824,81.94794521,1328.741445,365,1982-07-01
29,1983,14495652.21,7324462.419,7171189.787,0.4962734283,0.5037265717,88.72054795,2473.05416,365,1983-07-01
29,1984,12291564.11,7944770.441,4346793.674,0.6316250832,0.3683749168,79.6010929,952.6730691,366,1984-07-01
29,1985,9358156.909,5584431.007,3773725.902,0.5624920177,0.4375079823,81.47671233,974.7723991,365,1985-07-01
29,1986,11018785.6,6588477.175,4430308.422,0.5831388027,0.4168611973,82.46027397,1263.592806,365,1986-07-01
29,1987,15014516.87,8658979.468,6355537.407,0.5554270874,0.4445729126,84.51232877,1702.781986,365,1987-07-01
29,1988,14202714.52,10512156.24,3690558.284,0.7317580659,0.2682419341,67.62295082,891.1700843,366,1988-07-01
29,1989,10175593.99,6202512.548,3973081.439,0.5814128791,0.4185871209,78.41369863,934.3692625,365,1989-07-01
29,1990,13209459.85,8764634.815,4444825.036,0.6408096059,0.3591903941,78.78630137,904.6852834,365,1990-07-01
29,1991,15107645.84,10472223.95,4635421.891,0.6883916713,0.3116083287,77.15616438,898.9768974,365,1991-07-01
29,1992,14251608.01,8670456.631,5581151.376,0.5963527181,0.4036472819,81.69672131,1570.08306,366,1992-07-01
29,1993,12449984.23,6944834.202,5505150.031,0.550019934,0.449980066,82.29589041,1695.50861,365,1993-07-01
29,1994,15709438.56,11865990.99,3843447.57,0.7458937226,0.2541062774,67.45753425,808.5154977,365,1994-07-01
29,1995,16678699.97,13555691.89,3123008.078,0.8022476626,0.1977523374,73.2109589,497.9420301,365,1995-07-01
29,1996,14691350.47,11775965.98,2915384.495,0.7840843605,0.2159156395,71.78961749,456.0916903,366,1996-07-01
29,1997,15584521.31,9077464.894,6507056.421,0.5772508333,0.4227491667,90.94794521,1330.559933,365,1997-07-01
29,1998,17956147.86,12247048.77,5709099.084,0.6841146287,0.3158853713,74.1369863,1792.749327,365,1998-07-01
29,1999,12791562.39,9463443.803,3328118.583,0.7254738019,0.2745261981,68.60547945,656.9863943,365,1999-07-01
29,2000,13216543.25,9985735.729,3230807.517,0.737278267,0.262721733,71.78142077,671.2752247,366,2000-07-01
29,2001,17405972.31,14434052.31,2971919.994,0.8224525858,0.1775474142,66.42739726,502.0997779,365,2001-07-01
29,2002,18572533.04,13654905.5,4917627.543,0.7203254292,0.2796745708,71.70958904,941.980074,365,2002-07-01
29,2003,19462071.62,16361306.9,3100764.728,0.8387587385,0.1612412615,60.86575342,454.5018315,365,2003-07-01
29,2004,17799300.97,14425883.73,3373417.241,0.8038777454,0.1961222546,72.92349727,500.6126124,366,2004-07-01
29,2005,19993022.61,16690828.88,3302193.724,0.8339473273,0.1660526727,63.95068493,508.2236756,365,2005-07-01
29,2006,17765007.2,14494990.15,3270017.051,0.8005921314,0.1994078686,67.76986301,543.9601399,365,2006-07-01
29,2007,19240973.95,16923472.88,2317501.075,0.8794274194,0.1205725806,48.41369863,410.4453453,365,2007-07-01
29,2008,14724018.83,12272234.42,2451784.407,0.8230003115,0.1769996885,54.19398907,453.429274,366,2008-07-01
29,2009,20934386.39,17972158.48,2962227.911,0.8589223937,0.1410776063,52.38082192,516.0941993,365,2009-07-01
29,2010,20702092.71,18607949.2,2094143.51,0.9012704876,0.09872951239,43.62465753,489.9532657,365,2010-07-01
29,2011,14278140.1,11902444.58,2375695.521,0.8197347443,0.1802652557,52.10958904,431.3239375,365,2011-07-01
29,2012,18091081.54,15140289.63,2950791.917,0.8289949273,0.1710050727,51.67213115,719.3097472,366,2012-07-01
29,2013,21039247.2,19141866.53,1897380.669,0.9049042691,0.09509573086,43.72054795,393.010847,365,2013-07-01
29,2014,24296407.94,21532542.38,2763865.559,0.8858007832,0.1141992168,45.32054795,523.152098,365,2014-07-01
29,2015,27215565.52,22776417.08,4439148.434,0.8314838535,0.1685161465,48.51780822,826.6542312,365,2015-07-01
29,2016,28662843.86,25422811.98,3240031.875,0.8901448499,0.1098551501,43.40437158,725.1705434,366,2016-07-01
29,2017,25645523.87,23383935.54,2261588.328,0.9132976564,0.08670234362,42.14794521,473.866312,365,2017-07-01
29,2018,22670944.79,20304868.58,2366076.211,0.894487353,0.105512647,47.07123288,440.7074314,365,2018-07-01
29,2019,26272813.55,23009818.2,3262995.344,0.8713714637,0.1286285363,45.71780822,557.4277812,365,2019-07-01
29,2020,26496928.08,24422828.73,2074099.353,0.9242964196,0.0757035804,32.18579235,466.7471334,366,2020-07-01
29,2021,22743458.92,21268224.47,1475234.452,0.9374222394,0.06257776065,29.4630137,326.9837983,365,2021-07-01
29,2022,21485461.35,20214263.67,1271197.685,0.9393819445,0.06061805551,22.40273973,289.3280003,365,2022-07-01
29,2023,27760606.4,24990637.62,2769968.78,0.8984788487,0.1015211513,25.53424658,617.2328675,365,2023-07-01
29,2024,29564978.81,27130465.06,2434513.746,0.9200388234,0.07996117657,23.20218579,515.1834488,366,2024-07-01
29,2025,25696613.26,23848754.35,1847858.918,0.9308127789,0.06918722114,23.16438356,402.5988792,365,2025-07-01
