year,definition,definition_description,n_days,mean_daily_area_km2,median_daily_area_km2,mean_daily_mean_sst_c,area_time_weighted_mean_sst_c
1982,canonical,Pacific-mask canonical SST >= 28C,365,34124424.4512,35351971.0564,28.9674586587,28.974961077
1982,lcc,Largest 8-neighbor component of Pacific-mask SST >= 28C,365,31288036.7196,31953900.9939,28.9922026224,29.0011996545
1982,yan_gt28,"Yan-style fixed box SST > 28C; 20S-20N, 120E-150W",365,23329347.1697,23222250.9862,29.0342388175,29.0421462992
1982,yan_ge28_sensitivity,Yan-style fixed box SST >= 28C sensitivity,365,23439523.2915,23348839.0164,29.0294364402,29.0372477509
1983,canonical,Pacific-mask canonical SST >= 28C,365,35215929.1412,34711749.3737,28.9436753166,28.944733643
1983,lcc,Largest 8-neighbor component of Pacific-mask SST >= 28C,365,32102887.4886,31199683.4008,28.9634888922,28.9646509723
1983,yan_gt28,"Yan-style fixed box SST > 28C; 20S-20N, 120E-150W",365,21454998.3108,21456280.0185,28.9509879949,28.9541618955
1983,yan_ge28_sensitivity,Yan-style fixed box SST >= 28C sensitivity,365,21567582.4962,21557054.4485,28.9460437671,28.9491811082
1984,canonical,Pacific-mask canonical SST >= 28C,366,30492432.6051,30458803.0593,28.9177703298,28.916625632
1984,lcc,Largest 8-neighbor component of Pacific-mask SST >= 28C,366,27009750.3577,26847557.1255,28.9594391781,28.9587638595
1984,yan_gt28,"Yan-style fixed box SST > 28C; 20S-20N, 120E-150W",366,21761800.1133,21620217.5461,28.9898248627,28.9910473315
1984,yan_ge28_sensitivity,Yan-style fixed box SST >= 28C sensitivity,366,21871570.2153,21730593.5904,28.9848454655,28.9860734149
1985,canonical,Pacific-mask canonical SST >= 28C,365,27547861.6818,27631670.2862,28.8180082924,28.8214671698
1985,lcc,Largest 8-neighbor component of Pacific-mask SST >= 28C,365,24481396.9321,24572348.1259,28.8438925533,28.8484721579
1985,yan_gt28,"Yan-style fixed box SST > 28C; 20S-20N, 120E-150W",365,20867609.7143,19928313.5787,28.8520039126,28.8596877041
1985,yan_ge28_sensitivity,Yan-style fixed box SST >= 28C sensitivity,365,20988815.0899,20039132.109,28.8470379323,28.8547232137
1986,canonical,Pacific-mask canonical SST >= 28C,365,29943390.9454,30821200.7221,28.8618698688,28.8583347645
1986,lcc,Largest 8-neighbor component of Pacific-mask SST >= 28C,365,26697280.422,27019908.9735,28.8984867268,28.8950037021
1986,yan_gt28,"Yan-style fixed box SST > 28C; 20S-20N, 120E-150W",365,22629086.1363,21913943.2019,28.9228236681,28.9233119128
1986,yan_ge28_sensitivity,Yan-style fixed box SST >= 28C sensitivity,365,22752537.3677,22048863.3224,28.9178202883,28.9183021861
1987,canonical,Pacific-mask canonical SST >= 28C,365,35957067.2272,37728905.8179,28.925125594,28.9293968391
1987,lcc,Largest 8-neighbor component of Pacific-mask SST >= 28C,365,32603416.5264,33421531.9242,28.9529163074,28.9554305572
1987,yan_gt28,"Yan-style fixed box SST > 28C; 20S-20N, 120E-150W",365,23615951.1095,23279929.7756,28.9852242433,28.9949384894
1987,yan_ge28_sensitivity,Yan-style fixed box SST >= 28C sensitivity,365,23718901.3087,23398122.6913,28.9809338035,28.9906200299
1988,canonical,Pacific-mask canonical SST >= 28C,366,31771574.0858,31738380.1948,28.9659309818,28.9710852605
1988,lcc,Largest 8-neighbor component of Pacific-mask SST >= 28C,366,29012496.6929,29325235.5917,29.0014245744,29.0062072267
1988,yan_gt28,"Yan-style fixed box SST > 28C; 20S-20N, 120E-150W",366,22929190.9467,23038653.5791,29.002923061,29.0050561802
1988,yan_ge28_sensitivity,Yan-style fixed box SST >= 28C sensitivity,366,23040401.6295,23167774.7684,28.9980840413,29.0002050068
1989,canonical,Pacific-mask canonical SST >= 28C,365,27843810.2834,28746501.9461,28.8532335357,28.8578089002
1989,lcc,Largest 8-neighbor component of Pacific-mask SST >= 28C,365,24874269.282,25307524.2607,28.8924515564,28.8962168479
1989,yan_gt28,"Yan-style fixed box SST > 28C; 20S-20N, 120E-150W",365,21131802.7258,20814135.6379,28.8798878675,28.8862382691
1989,yan_ge28_sensitivity,Yan-style fixed box SST >= 28C sensitivity,365,21263258.1305,20957356.0089,28.8743968752,28.8807592965
1990,canonical,Pacific-mask canonical SST >= 28C,365,32665388.7463,33715470.6528,28.9115717467,28.9133025212
1990,lcc,Largest 8-neighbor component of Pacific-mask SST >= 28C,365,29060820.7874,29081546.6394,28.9415835668,28.9439478694
1990,yan_gt28,"Yan-style fixed box SST > 28C; 20S-20N, 120E-150W",365,23996771.0739,23591070.624,28.9594083757,28.9655480832
1990,yan_ge28_sensitivity,Yan-style fixed box SST >= 28C sensitivity,365,24117092.1272,23708085.6283,28.9546047572,28.9607309286
1991,canonical,Pacific-mask canonical SST >= 28C,365,34779086.8623,35584668.2537,28.9572621763,28.9576705845
1991,lcc,Largest 8-neighbor component of Pacific-mask SST >= 28C,365,31777961.4349,31771085.8196,28.9840791732,28.9825911357
1991,yan_gt28,"Yan-style fixed box SST > 28C; 20S-20N, 120E-150W",365,24395885.345,24654872.678,29.0282686453,29.0297257068
1991,yan_ge28_sensitivity,Yan-style fixed box SST >= 28C sensitivity,365,24499852.2016,24765951.06,29.0239300731,29.0253559929
1992,canonical,Pacific-mask canonical SST >= 28C,366,34918751.4224,35667459.5714,28.9094607959,28.9155299074
1992,lcc,Largest 8-neighbor component of Pacific-mask SST >= 28C,366,32301826.8247,32325733.9346,28.9297733154,28.9379739206
1992,yan_gt28,"Yan-style fixed box SST > 28C; 20S-20N, 120E-150W",366,24017942.0785,24076897.1102,28.9706131937,28.9718194594
1992,yan_ge28_sensitivity,Yan-style fixed box SST >= 28C sensitivity,366,24120380.5263,24184270.1064,28.9664975632,28.9676921747
1993,canonical,Pacific-mask canonical SST >= 28C,365,33265252.6739,34635837.6528,28.8575620295,28.8615018033
1993,lcc,Largest 8-neighbor component of Pacific-mask SST >= 28C,365,30268524.3189,31405907.0614,28.8835692502,28.8874766573
1993,yan_gt28,"Yan-style fixed box SST > 28C; 20S-20N, 120E-150W",365,22728881.523,22880513.8393,28.8979423916,28.9030654319
1993,yan_ge28_sensitivity,Yan-style fixed box SST >= 28C sensitivity,365,22839702.5135,22981422.1396,28.8935540029,28.8986836496
1994,canonical,Pacific-mask canonical SST >= 28C,365,34578978.5669,35605122.8514,28.9757870503,28.9768165733
1994,lcc,Largest 8-neighbor component of Pacific-mask SST >= 28C,365,31355507.4912,31811847.9397,29.0127107335,29.0130076757
1994,yan_gt28,"Yan-style fixed box SST > 28C; 20S-20N, 120E-150W",365,24705030.6525,25280721.7742,29.0730794779,29.0745718019
1994,yan_ge28_sensitivity,Yan-style fixed box SST >= 28C sensitivity,365,24804096.9428,25388151.1029,29.0687768216,29.0702800173
1995,canonical,Pacific-mask canonical SST >= 28C,365,35159533.1077,36840264.7466,29.0144395524,29.0187772218
1995,lcc,Largest 8-neighbor component of Pacific-mask SST >= 28C,365,31965193.525,32995667.6519,29.0477953569,29.052945234
1995,yan_gt28,"Yan-style fixed box SST > 28C; 20S-20N, 120E-150W",365,25641021.6612,25921345.6221,29.0877915615,29.0913015462
1995,yan_ge28_sensitivity,Yan-style fixed box SST >= 28C sensitivity,365,25741029.4409,25997345.4274,29.0835631025,29.0870616752
1996,canonical,Pacific-mask canonical SST >= 28C,366,32145283.4966,33118983.7668,28.9961908026,28.9996538861
1996,lcc,Largest 8-neighbor component of Pacific-mask SST >= 28C,366,29327151.016,29442001.7708,29.0364026473,29.0410934181
1996,yan_gt28,"Yan-style fixed box SST > 28C; 20S-20N, 120E-150W",366,24456480.9592,24373793.7356,29.0554497281,29.059493681
1996,yan_ge28_sensitivity,Yan-style fixed box SST >= 28C sensitivity,366,24568658.5043,24496885.3665,29.0506381616,29.0546561601
1997,canonical,Pacific-mask canonical SST >= 28C,365,37868026.5753,40043599.7342,28.9199273864,28.922581351
1997,lcc,Largest 8-neighbor component of Pacific-mask SST >= 28C,365,35222951.0887,37692790.2402,28.9391566341,28.9409862595
1997,yan_gt28,"Yan-style fixed box SST > 28C; 20S-20N, 120E-150W",365,24635523.0341,24801499.8216,28.9890561704,28.9935833373
1997,yan_ge28_sensitivity,Yan-style fixed box SST >= 28C sensitivity,365,24740975.8536,24945584.6735,28.9848209723,28.9893484129
1998,canonical,Pacific-mask canonical SST >= 28C,365,38160449.2031,37769041.3219,29.0459312011,29.0444314661
1998,lcc,Largest 8-neighbor component of Pacific-mask SST >= 28C,365,35716773.2912,33473315.6733,29.0820107383,29.0748818135
1998,yan_gt28,"Yan-style fixed box SST > 28C; 20S-20N, 120E-150W",365,23379076.3491,23298153.5408,29.0568906021,29.0589420927
1998,yan_ge28_sensitivity,Yan-style fixed box SST >= 28C sensitivity,365,23488994.8101,23423069.046,29.0519449841,29.0539866961
1999,canonical,Pacific-mask canonical SST >= 28C,365,30040842.7754,30368662.5943,28.9371603457,28.9374589041
1999,lcc,Largest 8-neighbor component of Pacific-mask SST >= 28C,365,27430630.9029,27353141.6687,28.9680531222,28.969166874
1999,yan_gt28,"Yan-style fixed box SST > 28C; 20S-20N, 120E-150W",365,21893487.9476,22373565.5011,28.9773911416,28.9807910984
1999,yan_ge28_sensitivity,Yan-style fixed box SST >= 28C sensitivity,365,22000115.8017,22471971.6091,28.9726459034,28.976037503
2000,canonical,Pacific-mask canonical SST >= 28C,366,31076579.693,32373607.7617,28.9447804264,28.9485380098
2000,lcc,Largest 8-neighbor component of Pacific-mask SST >= 28C,366,28142482.6547,28491066.7326,28.9773507239,28.9813292964
2000,yan_gt28,"Yan-style fixed box SST > 28C; 20S-20N, 120E-150W",366,22674964.7123,22607195.696,29.0020938021,29.0087911289
2000,yan_ge28_sensitivity,Yan-style fixed box SST >= 28C sensitivity,366,22782157.0699,22701942.7744,28.9973782465,29.0040446644
2001,canonical,Pacific-mask canonical SST >= 28C,365,35114766.4966,37062796.0914,29.056997046,29.0602970112
2001,lcc,Largest 8-neighbor component of Pacific-mask SST >= 28C,365,31723539.3674,33183243.5714,29.0977914812,29.1006589392
2001,yan_gt28,"Yan-style fixed box SST > 28C; 20S-20N, 120E-150W",365,25288863.1566,25638510.1031,29.1259992986,29.1274647609
2001,yan_ge28_sensitivity,Yan-style fixed box SST >= 28C sensitivity,365,25386463.3375,25728853.3124,29.1216789768,29.1231301372
2002,canonical,Pacific-mask canonical SST >= 28C,365,37665484.6902,38757951.8217,29.059263347,29.0646191005
2002,lcc,Largest 8-neighbor component of Pacific-mask SST >= 28C,365,34355574.9727,35160964.7202,29.0905888262,29.0947771247
2002,yan_gt28,"Yan-style fixed box SST > 28C; 20S-20N, 120E-150W",365,26955384.6738,26905691.2707,29.1492344432,29.1567271385
2002,yan_ge28_sensitivity,Yan-style fixed box SST >= 28C sensitivity,365,27049860.0639,26993229.9251,29.1452118738,29.1526871085
2003,canonical,Pacific-mask canonical SST >= 28C,365,37804083.0033,38731208.8731,29.0832409504,29.0817069838
2003,lcc,Largest 8-neighbor component of Pacific-mask SST >= 28C,365,34426561.0241,34059783.226,29.1230640456,29.120335186
2003,yan_gt28,"Yan-style fixed box SST > 28C; 20S-20N, 120E-150W",365,27052668.6182,26762888.9673,29.1712065659,29.1733583294
2003,yan_ge28_sensitivity,Yan-style fixed box SST >= 28C sensitivity,365,27148416.2725,26866034.3527,29.1670687249,29.1692201025
2004,canonical,Pacific-mask canonical SST >= 28C,366,38303221.2877,39492263.5954,29.0011928495,28.9989517056
2004,lcc,Largest 8-neighbor component of Pacific-mask SST >= 28C,366,35402809.6831,35393253.8432,29.0276103668,29.0246437791
2004,yan_gt28,"Yan-style fixed box SST > 28C; 20S-20N, 120E-150W",366,27531478.347,27439421.4803,29.0915456797,29.0950197778
2004,yan_ge28_sensitivity,Yan-style fixed box SST >= 28C sensitivity,366,27628397.9042,27522927.3096,29.0877229995,29.0911784827
2005,canonical,Pacific-mask canonical SST >= 28C,365,38618107.6619,40221371.2773,29.1019128792,29.0969584196
2005,lcc,Largest 8-neighbor component of Pacific-mask SST >= 28C,365,35761755.2283,36421051.3719,29.1317350801,29.1269316691
2005,yan_gt28,"Yan-style fixed box SST > 28C; 20S-20N, 120E-150W",365,27829688.7168,27649112.0712,29.1822326721,29.1842099201
2005,yan_ge28_sensitivity,Yan-style fixed box SST >= 28C sensitivity,365,27924317.1922,27732611.286,29.1782259935,29.180196931
2006,canonical,Pacific-mask canonical SST >= 28C,365,36831614.1735,38372906.9509,29.031640195,29.0336357289
2006,lcc,Largest 8-neighbor component of Pacific-mask SST >= 28C,365,33400715.6965,34037681.0865,29.0623559049,29.0655071749
2006,yan_gt28,"Yan-style fixed box SST > 28C; 20S-20N, 120E-150W",365,26464858.179,26337723.7324,29.1177390615,29.1238210361
2006,yan_ge28_sensitivity,Yan-style fixed box SST >= 28C sensitivity,365,26564841.3216,26452660.9353,29.1135206787,29.1195912664
2007,canonical,Pacific-mask canonical SST >= 28C,365,38012201.1288,39478138.3357,29.049697969,29.048851665
2007,lcc,Largest 8-neighbor component of Pacific-mask SST >= 28C,365,34706920.5769,35561399.9104,29.0762569525,29.0751460326
2007,yan_gt28,"Yan-style fixed box SST > 28C; 20S-20N, 120E-150W",365,27122015.6736,27145888.014,29.1272218514,29.1271739208
2007,yan_ge28_sensitivity,Yan-style fixed box SST >= 28C sensitivity,365,27218357.4823,27210028.4544,29.1232354381,29.123184188
2008,canonical,Pacific-mask canonical SST >= 28C,366,34612917.0358,35772211.5751,28.9186030437,28.9222871978
2008,lcc,Largest 8-neighbor component of Pacific-mask SST >= 28C,366,31058408.5168,31348997.3912,28.9433709507,28.9495010506
2008,yan_gt28,"Yan-style fixed box SST > 28C; 20S-20N, 120E-150W",366,24606465.4445,23808869.5734,28.9698215752,28.9769844453
2008,yan_ge28_sensitivity,Yan-style fixed box SST >= 28C sensitivity,366,24714604.4266,23931388.0091,28.965545499,28.9727096408
2009,canonical,Pacific-mask canonical SST >= 28C,365,42123564.4565,44317533.2056,29.0314716599,29.0356383459
2009,lcc,Largest 8-neighbor component of Pacific-mask SST >= 28C,365,40258657.199,42075542.8678,29.0522066689,29.0554095464
2009,yan_gt28,"Yan-style fixed box SST > 28C; 20S-20N, 120E-150W",365,28717308.3291,29432790.4448,29.1477310415,29.1532516631
2009,yan_ge28_sensitivity,Yan-style fixed box SST >= 28C sensitivity,365,28803373.201,29517952.3157,29.1442960883,29.1498057314
2010,canonical,Pacific-mask canonical SST >= 28C,365,38543751.6641,38263894.0437,29.1070114089,29.1133288384
2010,lcc,Largest 8-neighbor component of Pacific-mask SST >= 28C,365,35383815.2725,35086651.7449,29.1442321883,29.149916665
2010,yan_gt28,"Yan-style fixed box SST > 28C; 20S-20N, 120E-150W",365,26898178.6248,26705003.1828,29.1773869503,29.1866759323
2010,yan_ge28_sensitivity,Yan-style fixed box SST >= 28C sensitivity,365,26989616.8705,26790616.5822,29.1734208754,29.1826555875
2011,canonical,Pacific-mask canonical SST >= 28C,365,33163058.6602,34083516.7426,28.9196596256,28.9199922468
2011,lcc,Largest 8-neighbor component of Pacific-mask SST >= 28C,365,30436879.9004,31158904.7192,28.9393824881,28.9402229814
2011,yan_gt28,"Yan-style fixed box SST > 28C; 20S-20N, 120E-150W",365,25280463.5919,24998484.7347,28.9560079808,28.9602545866
2011,yan_ge28_sensitivity,Yan-style fixed box SST >= 28C sensitivity,365,25393223.8904,25147248.1729,28.9517573046,28.9559905122
2012,canonical,Pacific-mask canonical SST >= 28C,366,38406794.7606,40011437.6761,28.9769505733,28.9806899168
2012,lcc,Largest 8-neighbor component of Pacific-mask SST >= 28C,366,35030902.1496,35036460.5593,29.0007352307,29.0035880659
2012,yan_gt28,"Yan-style fixed box SST > 28C; 20S-20N, 120E-150W",366,26495039.3512,26103793.223,29.05989158,29.0687058028
2012,yan_ge28_sensitivity,Yan-style fixed box SST >= 28C sensitivity,366,26587228.6533,26179289.2592,29.0561988735,29.0650001424
2013,canonical,Pacific-mask canonical SST >= 28C,365,39083261.0433,40241302.2413,29.1204315938,29.1234710728
2013,lcc,Largest 8-neighbor component of Pacific-mask SST >= 28C,365,35673897.8428,36382832.5037,29.1614010597,29.1643036268
2013,yan_gt28,"Yan-style fixed box SST > 28C; 20S-20N, 120E-150W",365,27709998.4454,27658945.6947,29.2062917815,29.2102520889
2013,yan_ge28_sensitivity,Yan-style fixed box SST >= 28C sensitivity,365,27801587.9719,27752077.1425,29.2023099061,29.2062650355
2014,canonical,Pacific-mask canonical SST >= 28C,365,42851630.7751,45551185.4294,29.1747051686,29.1815196371
2014,lcc,Largest 8-neighbor component of Pacific-mask SST >= 28C,365,40781569.0459,43469920.8366,29.199427352,29.2054067517
2014,yan_gt28,"Yan-style fixed box SST > 28C; 20S-20N, 120E-150W",365,29472710.0329,29602745.6279,29.2843096141,29.2886601502
2014,yan_ge28_sensitivity,Yan-style fixed box SST >= 28C sensitivity,365,29553762.0511,29683840.5398,29.2807768323,29.2851259637
2015,canonical,Pacific-mask canonical SST >= 28C,365,47261116.3469,49442797.8669,29.1864247513,29.1848489681
2015,lcc,Largest 8-neighbor component of Pacific-mask SST >= 28C,365,46456757.1808,49190888.8352,29.2014121471,29.1974176123
2015,yan_gt28,"Yan-style fixed box SST > 28C; 20S-20N, 120E-150W",365,29783920.8567,29416454.0052,29.3076056486,29.3090959064
2015,yan_ge28_sensitivity,Yan-style fixed box SST >= 28C sensitivity,365,29854641.1737,29488023.5017,29.3044763126,29.3059948919
2016,canonical,Pacific-mask canonical SST >= 28C,366,47582177.9315,48005888.1973,29.2608282181,29.2636701984
2016,lcc,Largest 8-neighbor component of Pacific-mask SST >= 28C,366,46520398.4434,47311320.0943,29.2712764189,29.2738994716
2016,yan_gt28,"Yan-style fixed box SST > 28C; 20S-20N, 120E-150W",366,30028522.4269,30263413.1748,29.3930020257,29.3916126394
2016,yan_ge28_sensitivity,Yan-style fixed box SST >= 28C sensitivity,366,30096950.438,30331903.2231,29.3898438741,29.3884486882
2017,canonical,Pacific-mask canonical SST >= 28C,365,44545779.7809,46498445.8798,29.1886080421,29.1887932858
2017,lcc,Largest 8-neighbor component of Pacific-mask SST >= 28C,365,42117645.3447,43010754.9847,29.2154134916,29.2138183519
2017,yan_gt28,"Yan-style fixed box SST > 28C; 20S-20N, 120E-150W",365,29613869.1468,29571265.0671,29.3283814039,29.3286337616
2017,yan_ge28_sensitivity,Yan-style fixed box SST >= 28C sensitivity,365,29691637.2872,29640336.4319,29.3248963559,29.3251538128
2018,canonical,Pacific-mask canonical SST >= 28C,365,42228572.8143,43866119.6605,29.1060005586,29.1094478717
2018,lcc,Largest 8-neighbor component of Pacific-mask SST >= 28C,365,40262692.0406,42651201.5537,29.1238412487,29.1261902133
2018,yan_gt28,"Yan-style fixed box SST > 28C; 20S-20N, 120E-150W",365,30088892.3086,29795297.5709,29.2212185029,29.228176209
2018,yan_ge28_sensitivity,Yan-style fixed box SST >= 28C sensitivity,365,30172000.5772,29897392.1261,29.2178554829,29.2247932183
2019,canonical,Pacific-mask canonical SST >= 28C,365,45483412.0952,48094148.5763,29.1891448578,29.1920084874
2019,lcc,Largest 8-neighbor component of Pacific-mask SST >= 28C,365,43948954.2769,46996552.4297,29.2105468627,29.2118950469
2019,yan_gt28,"Yan-style fixed box SST > 28C; 20S-20N, 120E-150W",365,30228157.5031,30762609.2557,29.3354277229,29.3416424323
2019,yan_ge28_sensitivity,Yan-style fixed box SST >= 28C sensitivity,365,30296435.1136,30807482.0446,29.3324110253,29.3386188376
2020,canonical,Pacific-mask canonical SST >= 28C,366,43961552.4864,46458018.2069,29.2775313281,29.2810521612
2020,lcc,Largest 8-neighbor component of Pacific-mask SST >= 28C,366,41682656.9226,41950655.7432,29.3086760086,29.31060494
2020,yan_gt28,"Yan-style fixed box SST > 28C; 20S-20N, 120E-150W",366,29822979.7306,29681968.9558,29.3901943113,29.3906501221
2020,yan_ge28_sensitivity,Yan-style fixed box SST >= 28C sensitivity,366,29904424.3003,29751358.432,29.386408959,29.3868626926
2021,canonical,Pacific-mask canonical SST >= 28C,365,39998999.7147,42103169.4892,29.161925025,29.1617840425
2021,lcc,Largest 8-neighbor component of Pacific-mask SST >= 28C,365,37108135.0453,37383652.5769,29.193617899,29.1942810578
2021,yan_gt28,"Yan-style fixed box SST > 28C; 20S-20N, 120E-150W",365,28620491.8841,28542312.4492,29.2513979058,29.2520898328
2021,yan_ge28_sensitivity,Yan-style fixed box SST >= 28C sensitivity,365,28708481.9411,28618949.9639,29.2475578573,29.2482522403
2022,canonical,Pacific-mask canonical SST >= 28C,365,37990811.5991,38301772.2673,29.1658558418,29.1690891958
2022,lcc,Largest 8-neighbor component of Pacific-mask SST >= 28C,365,35077823.3071,35604772.1296,29.2004759464,29.2032282014
2022,yan_gt28,"Yan-style fixed box SST > 28C; 20S-20N, 120E-150W",365,27311812.0865,27213416.8423,29.2217278916,29.2258096415
2022,yan_ge28_sensitivity,Yan-style fixed box SST >= 28C sensitivity,365,27410820.2875,27317968.5815,29.2173320926,29.2213820028
2023,canonical,Pacific-mask canonical SST >= 28C,365,47042898.4924,50109959.2338,29.2045338862,29.2194349631
2023,lcc,Largest 8-neighbor component of Pacific-mask SST >= 28C,365,45651333.7763,49848996.6105,29.2206603659,29.2343039443
2023,yan_gt28,"Yan-style fixed box SST > 28C; 20S-20N, 120E-150W",365,30211406.5829,30516241.9847,29.3644638166,29.3761371242
2023,yan_ge28_sensitivity,Yan-style fixed box SST >= 28C sensitivity,365,30278966.9467,30594276.7938,29.3614388677,29.3730665993
2024,canonical,Pacific-mask canonical SST >= 28C,366,48130087.8346,49488522.8283,29.3328361312,29.3361129436
2024,lcc,Largest 8-neighbor component of Pacific-mask SST >= 28C,366,47378838.5852,49089784.7534,29.3430894599,29.346312059
2024,yan_gt28,"Yan-style fixed box SST > 28C; 20S-20N, 120E-150W",366,31136581.8287,31221883.6654,29.5074073531,29.5099946626
2024,yan_ge28_sensitivity,Yan-style fixed box SST >= 28C sensitivity,366,31203665.4927,31292953.1692,29.5041648677,29.5067483781
2025,canonical,Pacific-mask canonical SST >= 28C,365,43505541.2082,45490355.2823,29.2285754934,29.2263748353
2025,lcc,Largest 8-neighbor component of Pacific-mask SST >= 28C,365,40792836.6683,41111560.6612,29.2543133034,29.249828647
2025,yan_gt28,"Yan-style fixed box SST > 28C; 20S-20N, 120E-150W",365,29648528.4664,29866434.9661,29.3553017847,29.3531588527
2025,yan_ge28_sensitivity,Yan-style fixed box SST >= 28C sensitivity,365,29729964.7162,29943479.8759,29.3515825432,29.3494522831
